{
    "$schema": "https://schema.management.azure.com/schemas/0.1.2-preview/CreateUIDefinition.MultiVm.json#",
    "handler": "Microsoft.Azure.CreateUIDef",
    "version": "0.1.2-preview",
    "parameters": {
		"config": {
              "isWizard": true,
              "basics": {
                  "description": "ISE ARM Template Deployment",
                  "resourceGroup": {
                      "allowExisting": true
                  }
		},
        "resourceTypes": [
            "microsoft.resources/resourcegroups"
        ]},
        "basics": [
            {
                "name": "location",
                "type": "Microsoft.Common.TextBox",
                "label": "Location",
                "defaultValue": "",
                "toolTip": "Location for all resources.",
                "constraints": {
                    "required": true,
                    "regex": "",
                    "validationMessage": ""
                },
                "visible": true
            },
            {
                "name": "hostName",
                "type": "Microsoft.Common.TextBox",
                "label": "Host Name",
                "defaultValue": "ise-rhel-sep-20-02",
                "toolTip": "Enter the hostname. This field only supports alphanumeric characters and hyphen (-). The length of the hostname should not exceed 19 characters.",
                "constraints": {
                    "required": true,
                    "regex": "^[a-zA-Z0-9-]{1,19}$",
                    "validationMessage": ""
                },
                "visible": true
            },
            {
                "name": "SSHKeyPairName",
                "type": "Microsoft.Common.TextBox",
                "label": "SSH Key Pair Name",
                "defaultValue": "ise-dev-temp-key-pair",
                "toolTip": "Enter the SSH public key for Authentication",
                "constraints": {
                    "required": true,
                    "regex": ".+",
                    "validationMessage": ""
                },
                "visible": true
            },
			{
                "name": "managementPrivateIP",
                "type": "Microsoft.Common.TextBox",
                "label": "Management Private IP",
                "defaultValue": "0.0.0.0",
                "toolTip": "Enter(Optional) Enter the IPv4 address from the subnet that you chose earlier. If this field is left blank, the AAzure DHCP will assign an IP address.",
                "constraints": {
                    "required": false,
                    "regex": "",
                    "validationMessage": ""
                },
                "visible": true
            },
            {
                "name": "timeZone",
                "type": "Microsoft.Common.TextBox",
                "label": "Time Zone",
                "defaultValue": "Asia/Kolkata",
                "toolTip": "Enter the system time zone.",
                "constraints": {
                    "required": false,
                    "regex": "",
                    "validationMessage": ""
                },
                "visible": true
            },
            {
                "name": "instanceType",
                "type": "Microsoft.Common.DropDown",
                "label": "Instance Type",
                "defaultValue": "Standard_F16s_v2",
                "toolTip": "Choose the required Cisco ISE instance type.",
                "constraints": {
                    "required": false,
                    "allowedValues": [
                        {
                            "label": "Standard_F16s_v2",
                            "value": "Standard_F16s_v2"
                        },
                        {
                            "label": "Standard_F32s_v2",
                            "value": "Standard_F32s_v2"
                        },
                        {
                            "label": "Standard_F4s_v4",
                            "value": "Standard_F4s_v4"
                        },
                        {
                            "label": "Standard_D16s_v4",
                            "value": "Standard_D16s_v4"
                        },
                        {
                            "label": "Standard_D32s_v4",
                            "value": "Standard_D32s_v4"
                        },
                        {
                            "label": "Standard_D64s_v4",
                            "value": "Standard_D64s_v4"
                        }
                    ]
                },
                "visible": true
            },
            {
                "name": "EBSEncryption",
                "type": "Microsoft.Common.DropDown",
                "label": "EBS Encryption",
                "defaultValue": "false",
                "toolTip": "Choose true to enable EBS encryption.",
                "constraints": {
                    "required": false,
                    "allowedValues": [
                        {
                            "label": "true",
                            "value": true
                        },
                        {
                            "label": "false",
                            "value": false
                        }
                    ]
                },
                "visible": true
            },
            {
                "name": "volumeSize",
                "type": "Microsoft.Common.TextBox",
                "label": "Volume Size",
                "defaultValue": 600,
                "toolTip": "Specify the storage in GB (Minimum 300GB and Maximum 2400GB). 600GB is recommended for production use, storage lesser than 600GB can be used for evaluation purpose only. On terminating the instance, volume will be deleted as well.",
                "constraints": {
                    "required": false,
                    "regex": "",
                    "validationMessage": ""
                },
                "visible": true
            },
            {
                "name": "imageID",
                "type": "Microsoft.Common.TextBox",
                "label": "Image ID",
                "defaultValue": "ise_pi_ssh",
                "toolTip": "Specify Image Name to be used",
                "constraints": {
                    "required": true,
                    "regex": ".+",
                    "validationMessage": ""
                },
                "visible": true
            },
            {
                "name": "DNSDomain",
                "type": "Microsoft.Common.TextBox",
                "label": "DNS Domain",
                "defaultValue": "rainyday.com",
                "toolTip": "Enter a domain name in correct syntax (for example, cisco.com). The valid characters for this field are ASCII characters, numerals, hyphen (-), and period (.). If you use the wrong syntax, Cisco ISE services might not come up on launch.",
                "constraints": {
                    "required": true,
                    "regex": "^[a-zA-Z0-9][a-zA-Z0-9-]{1,61}[a-zA-Z0-9](?:\\.[a-zA-Z]{2,})+$",
                    "validationMessage": ""
                },
                "visible": true
            },
            {
                "name": "nameServer",
                "type": "Microsoft.Common.TextBox",
                "label": "Name Server",
                "defaultValue": "172.31.31.254",
                "toolTip": "Enter the IP address of the name server in correct syntax. If you use the wrong syntax, Cisco ISE services might not come up on launch.",
                "constraints": {
                    "required": true,
                    "regex": "\\b((25[0-5]|2[0-4][0-9]|[01]?[0-9][0-9]?)(\\.|$)){4}\\b",
                    "validationMessage": ""
                },
                "visible": true
            },
            {
                "name": "NTPServer",
                "type": "Microsoft.Common.TextBox",
                "label": "NTP Server",
                "defaultValue": "169.254.169.123",
                "toolTip": "Enter the IP address or hostname of the NTP server in correct syntax (for example, time.nist.gov). Your entry is not verified on submission. If you use the wrong syntax, Cisco ISE services might not come up on launch.",
                "constraints": {
                    "required": true,
                    "regex": ".+",
                    "validationMessage": ""
                },
                "visible": true
            }
        ],
        "steps": [
			{
				"name": "services",
				"label": "Services",
				"elements": [
				  {
                "name": "ERS",
                "type": "Microsoft.Common.DropDown",
                "label": "ERS",
                "defaultValue": "no",
                "toolTip": "Do you wish to enable ERS?",
                "constraints": {
                    "required": false,
                    "allowedValues": [
                        {
                            "label": "yes",
                            "value": "yes"
                        },
                        {
                            "label": "no",
                            "value": "no"
                        }
                    ]
                },
                "visible": true
            },
            {
                "name": "openAPI",
                "type": "Microsoft.Common.DropDown",
                "label": "Open API",
                "defaultValue": "no",
                "toolTip": "Do you wish to enable OpenAPI?",
                "constraints": {
                    "required": false,
                    "allowedValues": [
                        {
                            "label": "yes",
                            "value": "yes"
                        },
                        {
                            "label": "no",
                            "value": "no"
                        }
                    ]
                },
                "visible": true
            },
            {
                "name": "PXGrid",
                "type": "Microsoft.Common.DropDown",
                "label": "PX Grid",
                "defaultValue": "no",
                "toolTip": "Do you wish to enable pxGrid?",
                "constraints": {
                    "required": false,
                    "allowedValues": [
                        {
                            "label": "yes",
                            "value": "yes"
                        },
                        {
                            "label": "no",
                            "value": "no"
                        }
                    ]
                },
                "visible": true
            },
            {
                "name": "PXGridCloud",
                "type": "Microsoft.Common.DropDown",
                "label": "PX Grid Cloud",
                "defaultValue": "no",
                "toolTip": "Do you wish to enable pxGrid Cloud?",
                "constraints": {
                    "required": false,
                    "allowedValues": [
                        {
                            "label": "yes",
                            "value": "yes"
                        },
                        {
                            "label": "no",
                            "value": "no"
                        }
                    ]
                },
                "visible": true
            }
				]
			},
			{
				"name": "networkconfig",
				"label": "Network Settings",
				"elements": [
				
					{
                        "name": "vnetsAPI",
                        "type": "Microsoft.Solutions.ArmApiControl",
                        "request": {
                            "method": "GET",
                            "path": "[concat(subscription().id, '/resourceGroups/', resourceGroup().name, '/providers/Microsoft.Network/virtualNetworks?api-version=2021-05-01')]"
                        }
                    }, {
                        "name": "subnetsAPI",
                        "type": "Microsoft.Solutions.ArmApiControl",
                        "request": {
                            "method": "GET",
                            "path": "[concat(subscription().id, '/resourceGroups/', resourceGroup().name, '/providers/Microsoft.Network/virtualNetworks/', steps('networkconfig').vnetDropDown, '/subnets?api-version=2021-05-01')]"
                        }
                    }, {
                        "name": "vnetDropDown",
                        "type": "Microsoft.Common.DropDown",
                        "label": "Provider",
                        "toolTip": "The provider that offers the express route connection.",
                        "constraints": {
                            "allowedValues": "[map(steps('networkconfig').vnetsAPI.value, (item) => parse(concat('{\"label\":\"', item.name, '\",\"value\":\"', item.name, '\"}')))]",
                            "required": true
                       },
                        "visible": true
                    }, {
                        "name": "subnetDropDown",
                        "type": "Microsoft.Common.DropDown",
                        "label": "Provider",
                        "toolTip": "Select Subnet.",
                        "constraints": {
                            "allowedValues": "[map(steps('networkconfig').subnetsAPI.value, (item) => parse(concat('{\"label\":\"', item.name, '\",\"value\":\"', item.name, '\"}')))]",
                            "required": true
                        },
                        "visible": true
                    },
						
			{
                "name": "managementNSG",
                "type": "Microsoft.Solutions.ResourceSelector",
         		"resourceType": "Microsoft.Network/networkSecurityGroups",
                "label": "Security Group",
                "toolTip": "Enter the valid NSG",
				"options": {
        			"filter": {
           				 "subscription": "onBasics",
           				 "location": "onBasics"
        			}
      			},
                "constraints": {
                    "required": false,
                    "regex": "",
                    "validationMessage": ""
                },
                "visible": true
            },
			{
				"name": "auth",
				"type": "Microsoft.Compute.CredentialsCombo",
				"label": {
				  "authenticationType": "Authentication type",
				  "password": "Password",
				  "confirmPassword": "Confirm password",
				  "sshPublicKey": "SSH public key"
				},
				"toolTip": {
				  "sshPublicKey": "Paste an OpenSSH public key. You can generate a key pair using ssh-keygen (Linux, OS X, Cygwin) or PuttyGen (Windows)"
				},
				"constraints": {
				  "required": true
				},
				"options": {
				  "hideConfirmation": true,
				  "hidePassword": true
				},
				"osPlatform": "Linux"
			},
			{
                "name": "managementPublicIP",
                "type": "Microsoft.Solutions.ResourceSelector",
         		"resourceType": "Microsoft.Network/publicIPAddresses",
                "label": "Public IP Address",
                "toolTip": "Enter the Public IP",
				"options": {
        			"filter": {
           				 "subscription": "onBasics",
           				 "location": "onBasics"
        			}
      			},
                "constraints": {
                    "required": false,
                    "regex": "",
                    "validationMessage": ""
                },
                "visible": true
            }
				]
			},
			{
				"name": "userdetails",
				"label": "User Details",
				"elements": [
				  {
						"name":"systemPassword",
						"type":"Microsoft.Common.PasswordBox",
						"label":{
						   "password":"Administrator user password",
						   "confirmPassword":"Confirm password"
						},
						"toolTip":"Password for Admin account. Must be at least 6 characters containing letters, numbers and symbols.",
						"options":{
						   "hideConfirmation":false
						},
						"constraints": {
							 "required": true,
							 "regex": "^((?=.*[0-9])(?=.*[a-z])(?=.*[A-Z])|(?=.*[0-9])(?=.*[a-z])(?=.*[!@#$%^&*])|(?=.*[0-9])(?=.*[A-Z])(?=.*[!@#$%^&*])|(?=.*[a-z])(?=.*[A-Z])(?=.*[!@#$%^&*])).{6,72}$",
							 "validationMessage": "Password must be at least 6 characters long and have 3 out of the following: one number, one lower case, one upper case, or one special character"
						 }
					}
				]
		}
			
		],
        "outputs": {
            "location": "[basics('location')]",
            "hostName": "[basics('hostName')]",
            "SSHKeyPairName": "[steps('networkconfig').auth.sshPublicKey]",
            "managementNetwork": "[steps('networkconfig').vnetsAPI]",
			"networkSG": "[steps('networkconfig').managementNSG]",
			"managementSubnet": "[steps('networkconfig').subnetsAPI]",
            "managementPrivateIP": "[basics('managementPrivateIP')]",
            "timeZone": "[basics('timeZone')]",
            "instanceType": "[basics('instanceType')]",
            "EBSEncryption": "[basics('EBSEncryption')]",
            "volumeSize": "[basics('volumeSize')]",
            "imageID": "[basics('imageID')]",
            "DNSDomain": "[basics('DNSDomain')]",
            "nameServer": "[basics('nameServer')]",
            "NTPServer": "[basics('NTPServer')]",
            "ERS": "[steps('services').ERS]",
            "openAPI": "[steps('services').openAPI]",
            "PXGrid": "[steps('services').PXGrid]",
            "PXGridCloud": "[steps('services').PXGridCloud]",
            "systemPassword": "[steps('userdetails').systemPassword]"
			
        }
    }
}