{
    "$schema": "https://schema.management.azure.com/schemas/2019-04-01/deploymentTemplate.json#",
    "contentVersion": "1.0.0.0",
    "parameters": {
        "location": {
            "type": "string",
            "metadata": {
                "description": "Location for all resources."
            }
        },
        "hostName": {
            "type": "string",
            "defaultValue": "ise-rhel-sep-20-02",
            "metadata": {
                "description": "Enter the hostname. This field only supports alphanumeric characters and hyphen (-). The length of the hostname should not exceed 19 characters."
            }
        },
        "SSHKeyPairName": {
            "type": "string",
            "defaultValue": "ise-dev-temp-key-pair",
            "metadata": {
                "description": "Enter the SSH public key for Authentication"
            }
        },
        "managementNetwork": {
            "type": "string",
            "defaultValue": "umbnkhrco3c3yvnet",
            "metadata": {
                "description": "Enter the valid V Net"
            }
        },
        "managementSubnet": {
            "type": "string",
            "defaultValue": "Subnet",
            "metadata": {
                "description": "Enter the valid Sub Net"
            }
        },
        "managementPrivateIP": {
            "type": "string",
            "defaultValue": "0.0.0.0",
            "metadata": {
                "description": "Enter(Optional) Enter the IPv4 address from the subnet that you chose earlier. If this field is left blank, the AAzure DHCP will assign an IP address."
            }
        },
        "timeZone": {
            "type": "string",
            "defaultValue": "Asia/Kolkata",
            "metadata": {
                "description": "Enter the system time zone."
            }
        },
        "instanceType": {
            "type": "string",
            "defaultValue": "Standard_F16s_v2",
            "allowedValues": [
                "Standard_F16s_v2",
                "Standard_A1_v2"
            ],
            "metadata": {
                "description": "Choose the required Cisco ISE instance type."
            }
        },
        "EBSEncryption": {
            "type": "bool",
            "defaultValue": false,
            "allowedValues": [
                true,
                false
            ],
            "metadata": {
                "description": "Choose true to enable EBS encryption."
            }
        },
        "volumeSize": {
            "type": "int",
            "defaultValue": 600,
            "minValue": 300,
            "maxValue": 2400,
            "metadata": {
                "description": "Specify the storage in GB (Minimum 300GB and Maximum 2400GB). 600GB is recommended for production use, storage lesser than 600GB can be used for evaluation purpose only. On terminating the instance, volume will be deleted as well."
            }
        },
        "imageID": {
            "type": "string",
            "defaultValue": "ise_pi_ssh",
            "metadata": {
                "description": "Specify Image Name to be used"
            }
        },
        "DNSDomain": {
            "type": "string",
            "defaultValue": "rainyday.com",
            "metadata": {
                "description": "Enter a domain name in correct syntax (for example, cisco.com). The valid characters for this field are ASCII characters, numerals, hyphen (-), and period (.). If you use the wrong syntax, Cisco ISE services might not come up on launch."
            }
        },
        "nameServer": {
            "type": "string",
            "defaultValue": "172.31.31.254",
            "metadata": {
                "description": "Enter the IP address of the name server in correct syntax. If you use the wrong syntax, Cisco ISE services might not come up on launch."
            }
        },
        "NTPServer": {
            "type": "string",
            "defaultValue": "169.254.169.123",
            "metadata": {
                "description": "Enter the IP address or hostname of the NTP server in correct syntax (for example, time.nist.gov). Your entry is not verified on submission. If you use the wrong syntax, Cisco ISE services might not come up on launch."
            }
        },
        "ERS": {
            "type": "string",
            "defaultValue": "no",
            "allowedValues": [
                "yes",
                "no"
            ],
            "metadata": {
                "description": "Do you wish to enable ERS?"
            }
        },
        "openAPI": {
            "type": "string",
            "defaultValue": "no",
            "allowedValues": [
                "yes",
                "no"
            ],
            "metadata": {
                "description": "Do you wish to enable OpenAPI?"
            }
        },
        "PXGrid": {
            "type": "string",
            "defaultValue": "no",
            "allowedValues": [
                "yes",
                "no"
            ],
            "metadata": {
                "description": "Do you wish to enable pxGrid?"
            }
        },
        "PXGridCloud": {
            "type": "string",
            "defaultValue": "no",
            "allowedValues": [
                "yes",
                "no"
            ],
            "metadata": {
                "description": "Do you wish to enable pxGrid Cloud?"
            }
        },
		
		"systemPassword":{
         "type":"securestring",
         "defaultValue":"",
         "metadata":{
            "description":"Enter a password for the username \"iseuser\". The password must be aligned with the Cisco ISE password policy. The configured password is used for Cisco ISE GUI access."
         }
       }
    },
    "variables": {
        "varSSHKeyID": "[resourceId('Microsoft.Compute/sshPublicKeys', parameters('SSHKeyPairName'))]",
        "varPublicIPAddressName": "[concat(uniquestring(parameters('hostName')), 'publicip')]",
        "varPublicIPAddressType": "Dynamic",
        "varNICName": "[concat(uniquestring(parameters('hostName')), 'nic')]",
        "varSubnetRef": "[resourceId('Microsoft.Network/virtualNetworks/subnets', parameters('managementNetwork'), parameters('managementSubnet'))]",
        "varImagePublisher": "RedHat",
        "varImageOffer": "RHEL",
        "varImageSku": "7.8",
        "varDefaultUserName": "iseuser",
        "varOSDiskName": "[concat(uniquestring(parameters('hostName')), 'osdisk')]",
        "varStorageAccountType": "StandardSSD_LRS",
        "varHostName": "[concat('hostname=', parameters('hostName'),'\n')]",
        "varDNSDomain": "[concat('dnsdomain=', parameters('DNSDomain'),'\n')]",
        "varNameServer": "[concat('primarynameserver=', parameters('nameServer'),'\n')]",
        "varNTPServer": "[concat('ntpserver=', parameters('NTPServer'),'\n')]",
        "varTimeZone": "[concat('timezone=', parameters('timeZone'),'\n')]",
        "varUserName": "[concat('username=', variables('varDefaultUserName'),'\n')]",
        "varPassword": "[concat('password=', parameters('systemPassword'),'\n')]",
        "varERS": "[concat('ersapi=', parameters('ERS'),'\n')]",
        "varOpenAPI": "[concat('openapi=', parameters('openAPI'),'\n')]",
        "varPXGrid": "[concat('pxGrid=', parameters('PXGrid'),'\n')]",
        "varPXGridCloud": "[concat('pxgrid_cloud=', parameters('PXGridCloud'),'\n')]",
        "varUserData": "[concat(variables('varHostName'),variables('varDNSDomain'),variables('varNameServer'),variables('varNTPServer'),variables('varTimeZone'),variables('varUserName'),variables('varPassword'),variables('varERS'),variables('varOpenAPI'),variables('varPXGrid'),variables('varPXGridCloud'))]"
    },
    "resources": [
        {
            "apiVersion": "2021-02-01",
            "type": "Microsoft.Network/publicIPAddresses",
            "name": "[variables('varPublicIPAddressName')]",
            "location": "[parameters('location')]",
            "properties": {
                "publicIPAllocationMethod": "[variables('varPublicIPAddressType')]"
            }
        },
        {
            "apiVersion": "2021-02-01",
            "type": "Microsoft.Network/networkInterfaces",
            "name": "[variables('varNICName')]",
            "location": "[parameters('location')]",
            "dependsOn": [
                "[resourceId('Microsoft.Network/publicIPAddresses/', variables('varPublicIPAddressName'))]"
            ],
            "properties": {
                "ipConfigurations": [
                    {
                        "name": "ipconfig1",
                        "properties": {
                            "privateIPAllocationMethod": "dynamic",
                            "publicIPAddress": {
                                "id": "[resourceId('Microsoft.Network/publicIPAddresses',variables('varPublicIPAddressName'))]"
                            },
							//"privateIPAddress": "[parameters('managementPrivateIP')]",
                            "subnet": {
                                "id": "[variables('varSubnetRef')]"
                            }
                        }
                    }
                ]
            }
        },
        {
            "apiVersion": "2021-04-01",
            "type": "Microsoft.Compute/virtualMachines",
            "name": "[parameters('hostName')]",
            "location": "[parameters('location')]",
            "tags": {
                "Tag1": "ManagedVM"
            },
            "dependsOn": [
                "[resourceId('Microsoft.Network/networkInterfaces/', variables('varNICName'))]"
            ],
            "properties": {
                "hardwareProfile": {
                    "vmSize": "[parameters('instanceType')]"
                },
                "osProfile": {
                    "computerName": "[parameters('hostName')]",
                    "adminUsername": "[variables('varDefaultUserName')]",
                    "adminPassword": "[parameters('systemPassword')]",
                    "linuxConfiguration": {
                        "disablePasswordAuthentication": true,
                        "ssh": {
                            "publicKeys": [
                                {
                                    "path": "[concat('/home/', variables('varDefaultUserName'), '/.ssh/authorized_keys')]",
                                    "keyData": "[reference(variables('varSSHKeyID'),'2021-04-01','FULL').properties.publicKey]"
                                }
                            ]
                        }
                    }
                },
                "storageProfile": {
                    "imageReference": {
                        "id": "[resourceId('Microsoft.Compute/images', parameters('imageID'))]"
                    },
                    "osDisk": {
                        "name": "[variables('varOSDiskName')]",
                        "createOption": "FromImage",
                        "caching": "ReadWrite",
                        "diskSizeGB": "[parameters('volumeSize')]",
                        "managedDisk": {
                            "storageAccountType": "[variables('varStorageAccountType')]"
                        },
                        "encryptionSettings": {
                            "enabled": "[parameters('EBSEncryption')]"
                        }
                    }
                },
                "networkProfile": {
                    "networkInterfaces": [
                        {
                            "id": "[resourceId('Microsoft.Network/networkInterfaces', variables('varNICName'))]"
                        }
                    ]
                },
                "userData": "[base64(variables('varUserData'))]"
            }
        }
    ],
    "outputs": {
        "printPrivateIP": {
            "type": "string",
            "value": "[concat('Private IP: ', reference(variables('varNICName')).ipConfigurations[0].properties.privateIPAddress)]"
        },
        "printUserData": {
            "type": "string",
            "value": "[variables('varUserData')]"
        },
        "printPublicKey": {
            "type": "string",
            "value": "[reference(variables('varSSHKeyID'),'2021-04-01','FULL').properties.publicKey]"
        }
    }
}